Vehicle_Type,Avg_Distance
"Prime SUV",15.266232055840906
Bike,15.568536955231753
"Prime Sedan",15.734024627349319
eBike,15.605527310650501
"Prime Plus",15.414646996838778
Auto,6.224504528153301
Mini,15.568073248407643
