Vehicle_Type,Avg_Rating
"Prime SUV",3.9993556762234617
Bike,3.994762972693834
"Prime Sedan",3.9993884146870227
eBike,3.9919162680810287
"Prime Plus",4.00454893147669
Auto,3.99809315486567
Mini,3.9977832105319213
